no,source_url,category_1,category_2,category_3
1,https://www.icbanq.com/P015416557,MCU,개발보드,STM32
2,https://www.icbanq.com/P016808536,전원,DC/DC,Buck
,https://www.icbanq.com/P016959680,,,
,https://www.icbanq.com/P016972948,,,
,https://www.icbanq.com/P016975207,,,
,https://www.icbanq.com/P016414299,,,
,https://www.icbanq.com/P016277998,,,
,https://www.icbanq.com/P013130256,,,
,https://www.icbanq.com/P016577220,,,
,https://www.icbanq.com/P016786968,,,
,https://www.icbanq.com/P016831480,,,
,https://www.icbanq.com/P016352086,,,
,https://www.icbanq.com/P016634648,,,
,https://www.icbanq.com/P012114002,,,
,https://www.icbanq.com/P013130257,,,
,https://www.icbanq.com/P016136438,,,
,https://www.icbanq.com/P015416557,,,
,VM1383:8 https://www.icbanq.com/P016808536,,,
,https://www.icbanq.com/P016959680,,,
,https://www.icbanq.com/P016972948,,,
,https://www.icbanq.com/P016975207,,,
,https://www.icbanq.com/P016414299,,,
,https://www.icbanq.com/P016277998,,,
,https://www.icbanq.com/P013130256,,,
,https://www.icbanq.com/P016577220,,,
,https://www.icbanq.com/P016786968,,,
,https://www.icbanq.com/P016831480,,,
,https://www.icbanq.com/P016352086,,,
,https://www.icbanq.com/P016634648,,,
,https://www.icbanq.com/P012114002,,,
,https://www.icbanq.com/P013130257,,,
,https://www.icbanq.com/P016136438,,,
,https://www.icbanq.com/P015416557,,,
,VM1384:8 https://www.icbanq.com/P016808536,,,
,https://www.icbanq.com/P016959680,,,
,https://www.icbanq.com/P016972948,,,
,https://www.icbanq.com/P016975207,,,
,https://www.icbanq.com/P016414299,,,
,https://www.icbanq.com/P016277998,,,
,https://www.icbanq.com/P013130256,,,
,https://www.icbanq.com/P016577220,,,
,https://www.icbanq.com/P016786968,,,
,https://www.icbanq.com/P016831480,,,
,https://www.icbanq.com/P016352086,,,
,https://www.icbanq.com/P016634648,,,
,https://www.icbanq.com/P012114002,,,
,https://www.icbanq.com/P013130257,,,
,https://www.icbanq.com/P016136438,,,
,https://www.icbanq.com/P015416557,,,
,VM1385:8 https://www.icbanq.com/P016808536,,,
,https://www.icbanq.com/P016959680,,,
,https://www.icbanq.com/P016972948,,,
,https://www.icbanq.com/P016975207,,,
,https://www.icbanq.com/P016414299,,,
,https://www.icbanq.com/P016277998,,,
,https://www.icbanq.com/P013130256,,,
,https://www.icbanq.com/P016577220,,,
,https://www.icbanq.com/P016786968,,,
,https://www.icbanq.com/P016831480,,,
,https://www.icbanq.com/P016352086,,,
,https://www.icbanq.com/P016634648,,,
,https://www.icbanq.com/P012114002,,,
,https://www.icbanq.com/P013130257,,,
,https://www.icbanq.com/P016136438,,,
,https://www.icbanq.com/P015416557,,,
,VM1386:8 https://www.icbanq.com/P016808536,,,
,https://www.icbanq.com/P016959680,,,
,https://www.icbanq.com/P016972948,,,
,https://www.icbanq.com/P016975207,,,
,https://www.icbanq.com/P016414299,,,
,https://www.icbanq.com/P016277998,,,
,https://www.icbanq.com/P013130256,,,
,https://www.icbanq.com/P016577220,,,
,https://www.icbanq.com/P016786968,,,
,https://www.icbanq.com/P016831480,,,
,https://www.icbanq.com/P016352086,,,
,https://www.icbanq.com/P016634648,,,
,https://www.icbanq.com/P012114002,,,
,https://www.icbanq.com/P013130257,,,
,https://www.icbanq.com/P016136438,,,
,https://www.icbanq.com/P015416557,,,
,VM1387:8 https://www.icbanq.com/P016808536,,,
,https://www.icbanq.com/P016959680,,,
,https://www.icbanq.com/P016972948,,,
,https://www.icbanq.com/P016975207,,,
,https://www.icbanq.com/P016414299,,,
,https://www.icbanq.com/P016277998,,,
,https://www.icbanq.com/P013130256,,,
,https://www.icbanq.com/P016577220,,,
,https://www.icbanq.com/P016786968,,,
,https://www.icbanq.com/P016831480,,,
,https://www.icbanq.com/P016352086,,,
,https://www.icbanq.com/P016634648,,,
,https://www.icbanq.com/P012114002,,,
,https://www.icbanq.com/P013130257,,,
,https://www.icbanq.com/P016136438,,,
,https://www.icbanq.com/P015416557,,,
,VM1388:8 https://www.icbanq.com/P016808536,,,
,https://www.icbanq.com/P016959680,,,
,https://www.icbanq.com/P016972948,,,
,https://www.icbanq.com/P016975207,,,
,https://www.icbanq.com/P016414299,,,
,https://www.icbanq.com/P016277998,,,
,https://www.icbanq.com/P013130256,,,
,https://www.icbanq.com/P016577220,,,
,https://www.icbanq.com/P016786968,,,
,https://www.icbanq.com/P016831480,,,
,https://www.icbanq.com/P016352086,,,
,https://www.icbanq.com/P016634648,,,
,https://www.icbanq.com/P012114002,,,
,https://www.icbanq.com/P013130257,,,
,https://www.icbanq.com/P016136438,,,
,https://www.icbanq.com/P015416557,,,
,VM1389:8 https://www.icbanq.com/P016808536,,,
,https://www.icbanq.com/P016959680,,,
,https://www.icbanq.com/P016972948,,,
,https://www.icbanq.com/P016975207,,,
,https://www.icbanq.com/P016414299,,,
,https://www.icbanq.com/P016277998,,,
,https://www.icbanq.com/P013130256,,,
,https://www.icbanq.com/P016577220,,,
,https://www.icbanq.com/P016786968,,,
,https://www.icbanq.com/P016831480,,,
,https://www.icbanq.com/P016352086,,,
,https://www.icbanq.com/P016634648,,,
,https://www.icbanq.com/P012114002,,,
,https://www.icbanq.com/P013130257,,,
,https://www.icbanq.com/P016136438,,,
,https://www.icbanq.com/P015416557,,,
,VM1390:8 https://www.icbanq.com/P016808536,,,
,https://www.icbanq.com/P016959680,,,
,https://www.icbanq.com/P016972948,,,
,https://www.icbanq.com/P016975207,,,
,https://www.icbanq.com/P016414299,,,
,https://www.icbanq.com/P016277998,,,
,https://www.icbanq.com/P013130256,,,
,https://www.icbanq.com/P016577220,,,
,https://www.icbanq.com/P016786968,,,
,https://www.icbanq.com/P016831480,,,
,https://www.icbanq.com/P016352086,,,
,https://www.icbanq.com/P016634648,,,
,https://www.icbanq.com/P012114002,,,
,https://www.icbanq.com/P013130257,,,
,https://www.icbanq.com/P016136438,,,
,https://www.icbanq.com/P015416557,,,
,VM1391:8 https://www.icbanq.com/P016808536,,,
,https://www.icbanq.com/P016959680,,,
,https://www.icbanq.com/P016972948,,,
,https://www.icbanq.com/P016975207,,,
,https://www.icbanq.com/P016414299,,,
,https://www.icbanq.com/P016277998,,,
,https://www.icbanq.com/P013130256,,,
,https://www.icbanq.com/P016577220,,,
,https://www.icbanq.com/P016786968,,,
,https://www.icbanq.com/P016831480,,,
,https://www.icbanq.com/P016352086,,,
,https://www.icbanq.com/P016634648,,,
,https://www.icbanq.com/P012114002,,,
,https://www.icbanq.com/P013130257,,,
,https://www.icbanq.com/P016136438,,,
,https://www.icbanq.com/P015416557,,,
,VM1392:8 https://www.icbanq.com/P016808536,,,
,https://www.icbanq.com/P016959680,,,
,https://www.icbanq.com/P016972948,,,
,https://www.icbanq.com/P016975207,,,
,https://www.icbanq.com/P016414299,,,
,https://www.icbanq.com/P016277998,,,
,https://www.icbanq.com/P013130256,,,
,https://www.icbanq.com/P016577220,,,
,https://www.icbanq.com/P016786968,,,
,https://www.icbanq.com/P016831480,,,
,https://www.icbanq.com/P016352086,,,
,https://www.icbanq.com/P016634648,,,
,https://www.icbanq.com/P012114002,,,
,https://www.icbanq.com/P013130257,,,
,https://www.icbanq.com/P016136438,,,
,https://www.icbanq.com/P015416557,,,
,VM1393:8 https://www.icbanq.com/P016808536,,,
,https://www.icbanq.com/P016959680,,,
,https://www.icbanq.com/P016972948,,,
,https://www.icbanq.com/P016975207,,,
,https://www.icbanq.com/P016414299,,,
,https://www.icbanq.com/P016277998,,,
,https://www.icbanq.com/P013130256,,,
,https://www.icbanq.com/P016577220,,,
,https://www.icbanq.com/P016786968,,,
,https://www.icbanq.com/P016831480,,,
,https://www.icbanq.com/P016352086,,,
,https://www.icbanq.com/P016634648,,,
,https://www.icbanq.com/P012114002,,,
,https://www.icbanq.com/P013130257,,,
,https://www.icbanq.com/P016136438,,,
,https://www.icbanq.com/P015416557,,,
,VM1394:8 https://www.icbanq.com/P016808536,,,
,https://www.icbanq.com/P016959680,,,
,https://www.icbanq.com/P016972948,,,
,https://www.icbanq.com/P016975207,,,
,https://www.icbanq.com/P016414299,,,
,https://www.icbanq.com/P016277998,,,
,https://www.icbanq.com/P013130256,,,
,https://www.icbanq.com/P016577220,,,
,https://www.icbanq.com/P016786968,,,
,https://www.icbanq.com/P016831480,,,
,https://www.icbanq.com/P016352086,,,
,https://www.icbanq.com/P016634648,,,
,https://www.icbanq.com/P012114002,,,
,https://www.icbanq.com/P013130257,,,
,https://www.icbanq.com/P016136438,,,
,https://www.icbanq.com/P015416557,,,
,VM1395:8 https://www.icbanq.com/P016808536,,,
,https://www.icbanq.com/P016959680,,,
,https://www.icbanq.com/P016972948,,,
,https://www.icbanq.com/P016975207,,,
,https://www.icbanq.com/P016414299,,,
,https://www.icbanq.com/P016277998,,,
,https://www.icbanq.com/P013130256,,,
,https://www.icbanq.com/P016577220,,,
,https://www.icbanq.com/P016786968,,,
,https://www.icbanq.com/P016831480,,,
,https://www.icbanq.com/P016352086,,,
,https://www.icbanq.com/P016634648,,,
,https://www.icbanq.com/P012114002,,,
,https://www.icbanq.com/P013130257,,,
,https://www.icbanq.com/P016136438,,,
,https://www.icbanq.com/P015416557,,,
,VM1396:8 https://www.icbanq.com/P016808536,,,
,https://www.icbanq.com/P016959680,,,
,https://www.icbanq.com/P016972948,,,
,https://www.icbanq.com/P016975207,,,
,https://www.icbanq.com/P016414299,,,
,https://www.icbanq.com/P016277998,,,
,https://www.icbanq.com/P013130256,,,
,https://www.icbanq.com/P016577220,,,
,https://www.icbanq.com/P016786968,,,
,https://www.icbanq.com/P016831480,,,
,https://www.icbanq.com/P016352086,,,
,https://www.icbanq.com/P016634648,,,
,https://www.icbanq.com/P012114002,,,
,https://www.icbanq.com/P013130257,,,
,https://www.icbanq.com/P016136438,,,
,https://www.icbanq.com/P015416557,,,
,VM1397:8 https://www.icbanq.com/P016808536,,,
,https://www.icbanq.com/P016959680,,,
,https://www.icbanq.com/P016972948,,,
,https://www.icbanq.com/P016975207,,,
,https://www.icbanq.com/P016414299,,,
,https://www.icbanq.com/P016277998,,,
,https://www.icbanq.com/P013130256,,,
,https://www.icbanq.com/P016577220,,,
,https://www.icbanq.com/P016786968,,,
,https://www.icbanq.com/P016831480,,,
,https://www.icbanq.com/P016352086,,,
,https://www.icbanq.com/P016634648,,,
,https://www.icbanq.com/P012114002,,,
,https://www.icbanq.com/P013130257,,,
,https://www.icbanq.com/P016136438,,,
,https://www.icbanq.com/P015416557,,,
,VM1398:8 https://www.icbanq.com/P016808536,,,
,https://www.icbanq.com/P016959680,,,
,https://www.icbanq.com/P016972948,,,
,https://www.icbanq.com/P016975207,,,
,https://www.icbanq.com/P016414299,,,
,https://www.icbanq.com/P016277998,,,
,https://www.icbanq.com/P013130256,,,
,https://www.icbanq.com/P016577220,,,
,https://www.icbanq.com/P016786968,,,
,https://www.icbanq.com/P016831480,,,
,https://www.icbanq.com/P016352086,,,
,https://www.icbanq.com/P016634648,,,
,https://www.icbanq.com/P012114002,,,
,https://www.icbanq.com/P013130257,,,
,https://www.icbanq.com/P016136438,,,
,https://www.icbanq.com/P015416557,,,
,VM1399:8 https://www.icbanq.com/P016808536,,,
,https://www.icbanq.com/P016959680,,,
,https://www.icbanq.com/P016972948,,,
,https://www.icbanq.com/P016975207,,,
,https://www.icbanq.com/P016414299,,,
,https://www.icbanq.com/P016277998,,,
,https://www.icbanq.com/P013130256,,,
,https://www.icbanq.com/P016577220,,,
,https://www.icbanq.com/P016786968,,,
,https://www.icbanq.com/P016831480,,,
,https://www.icbanq.com/P016352086,,,
,https://www.icbanq.com/P016634648,,,
,https://www.icbanq.com/P012114002,,,
,https://www.icbanq.com/P013130257,,,
,https://www.icbanq.com/P016136438,,,
,https://www.icbanq.com/P015416557,,,
,VM1400:8 https://www.icbanq.com/P016808536,,,
,https://www.icbanq.com/P016959680,,,
,https://www.icbanq.com/P016972948,,,
,https://www.icbanq.com/P016975207,,,
,https://www.icbanq.com/P016414299,,,
,https://www.icbanq.com/P016277998,,,
,https://www.icbanq.com/P013130256,,,
,https://www.icbanq.com/P016577220,,,
,https://www.icbanq.com/P016786968,,,
,https://www.icbanq.com/P016831480,,,
,https://www.icbanq.com/P016352086,,,
,https://www.icbanq.com/P016634648,,,
,https://www.icbanq.com/P012114002,,,
,https://www.icbanq.com/P013130257,,,
,https://www.icbanq.com/P016136438,,,
,https://www.icbanq.com/P015416557,,,
,VM1401:8 https://www.icbanq.com/P016808536,,,
,https://www.icbanq.com/P016959680,,,
,https://www.icbanq.com/P016972948,,,
,https://www.icbanq.com/P016975207,,,
,https://www.icbanq.com/P016414299,,,
,https://www.icbanq.com/P016277998,,,
,https://www.icbanq.com/P013130256,,,
,https://www.icbanq.com/P016577220,,,
,https://www.icbanq.com/P016786968,,,
,https://www.icbanq.com/P016831480,,,
,https://www.icbanq.com/P016352086,,,
,https://www.icbanq.com/P016634648,,,
,https://www.icbanq.com/P012114002,,,
,https://www.icbanq.com/P013130257,,,
,https://www.icbanq.com/P016136438,,,
,https://www.icbanq.com/P015416557,,,
,VM1402:8 https://www.icbanq.com/P016808536,,,
,https://www.icbanq.com/P016959680,,,
,https://www.icbanq.com/P016972948,,,
,https://www.icbanq.com/P016975207,,,
,https://www.icbanq.com/P016414299,,,
,https://www.icbanq.com/P016277998,,,
,https://www.icbanq.com/P013130256,,,
,https://www.icbanq.com/P016577220,,,
,https://www.icbanq.com/P016786968,,,
,https://www.icbanq.com/P016831480,,,
,https://www.icbanq.com/P016352086,,,
,https://www.icbanq.com/P016634648,,,
,https://www.icbanq.com/P012114002,,,
,https://www.icbanq.com/P013130257,,,
,https://www.icbanq.com/P016136438,,,
,https://www.icbanq.com/P015416557,,,
,VM1403:8 https://www.icbanq.com/P016808536,,,
,https://www.icbanq.com/P016959680,,,
,https://www.icbanq.com/P016972948,,,
,https://www.icbanq.com/P016975207,,,
,https://www.icbanq.com/P016414299,,,
,https://www.icbanq.com/P016277998,,,
,https://www.icbanq.com/P013130256,,,
,https://www.icbanq.com/P016577220,,,
,https://www.icbanq.com/P016786968,,,
,https://www.icbanq.com/P016831480,,,
,https://www.icbanq.com/P016352086,,,
,https://www.icbanq.com/P016634648,,,
,https://www.icbanq.com/P012114002,,,
,https://www.icbanq.com/P013130257,,,
,https://www.icbanq.com/P016136438,,,
,https://www.icbanq.com/P015416557,,,
,VM1404:8 https://www.icbanq.com/P016808536,,,
,https://www.icbanq.com/P016959680,,,
,https://www.icbanq.com/P016972948,,,
,https://www.icbanq.com/P016975207,,,
,https://www.icbanq.com/P016414299,,,
,https://www.icbanq.com/P016277998,,,
,https://www.icbanq.com/P013130256,,,
,https://www.icbanq.com/P016577220,,,
,https://www.icbanq.com/P016786968,,,
,https://www.icbanq.com/P016831480,,,
,https://www.icbanq.com/P016352086,,,
,https://www.icbanq.com/P016634648,,,
,https://www.icbanq.com/P012114002,,,
,https://www.icbanq.com/P013130257,,,
,https://www.icbanq.com/P016136438,,,
,https://www.icbanq.com/P015416557,,,
,VM1405:8 https://www.icbanq.com/P016808536,,,
,https://www.icbanq.com/P016959680,,,
,https://www.icbanq.com/P016972948,,,
,https://www.icbanq.com/P016975207,,,
,https://www.icbanq.com/P016414299,,,
,https://www.icbanq.com/P016277998,,,
,https://www.icbanq.com/P013130256,,,
,https://www.icbanq.com/P016577220,,,
,https://www.icbanq.com/P016786968,,,
,https://www.icbanq.com/P016831480,,,
,https://www.icbanq.com/P016352086,,,
,https://www.icbanq.com/P016634648,,,
,https://www.icbanq.com/P012114002,,,
,https://www.icbanq.com/P013130257,,,
,https://www.icbanq.com/P016136438,,,
,https://www.icbanq.com/P015416557,,,
,VM1406:8 https://www.icbanq.com/P016808536,,,
,https://www.icbanq.com/P016959680,,,
,https://www.icbanq.com/P016972948,,,
,https://www.icbanq.com/P016975207,,,
,https://www.icbanq.com/P016414299,,,
,https://www.icbanq.com/P016277998,,,
,https://www.icbanq.com/P013130256,,,
,https://www.icbanq.com/P016577220,,,
,https://www.icbanq.com/P016786968,,,
,https://www.icbanq.com/P016831480,,,
,https://www.icbanq.com/P016352086,,,
,https://www.icbanq.com/P016634648,,,
,https://www.icbanq.com/P012114002,,,
,https://www.icbanq.com/P013130257,,,
,https://www.icbanq.com/P016136438,,,
,https://www.icbanq.com/P015416557,,,
,VM1407:8 https://www.icbanq.com/P016808536,,,
,https://www.icbanq.com/P016959680,,,
,https://www.icbanq.com/P016972948,,,
,https://www.icbanq.com/P016975207,,,
,https://www.icbanq.com/P016414299,,,
,https://www.icbanq.com/P016277998,,,
,https://www.icbanq.com/P013130256,,,
,https://www.icbanq.com/P016577220,,,
,https://www.icbanq.com/P016786968,,,
,https://www.icbanq.com/P016831480,,,
,https://www.icbanq.com/P016352086,,,
,https://www.icbanq.com/P016634648,,,
,https://www.icbanq.com/P012114002,,,
,https://www.icbanq.com/P013130257,,,
,https://www.icbanq.com/P016136438,,,
,https://www.icbanq.com/P015416557,,,
,VM1408:8 https://www.icbanq.com/P016808536,,,
,https://www.icbanq.com/P016959680,,,
,https://www.icbanq.com/P016972948,,,
,https://www.icbanq.com/P016975207,,,
,https://www.icbanq.com/P016414299,,,
,https://www.icbanq.com/P016277998,,,
,https://www.icbanq.com/P013130256,,,
,https://www.icbanq.com/P016577220,,,
,https://www.icbanq.com/P016786968,,,
,https://www.icbanq.com/P016831480,,,
,https://www.icbanq.com/P016352086,,,
,https://www.icbanq.com/P016634648,,,
,https://www.icbanq.com/P012114002,,,
,https://www.icbanq.com/P013130257,,,
,https://www.icbanq.com/P016136438,,,
,https://www.icbanq.com/P015416557,,,
,VM1409:8 https://www.icbanq.com/P016808536,,,
,https://www.icbanq.com/P016959680,,,
,https://www.icbanq.com/P016972948,,,
,https://www.icbanq.com/P016975207,,,
,https://www.icbanq.com/P016414299,,,
,https://www.icbanq.com/P016277998,,,
,https://www.icbanq.com/P013130256,,,
,https://www.icbanq.com/P016577220,,,
,https://www.icbanq.com/P016786968,,,
,https://www.icbanq.com/P016831480,,,
,https://www.icbanq.com/P016352086,,,
,https://www.icbanq.com/P016634648,,,
,https://www.icbanq.com/P012114002,,,
,https://www.icbanq.com/P013130257,,,
,https://www.icbanq.com/P016136438,,,
,https://www.icbanq.com/P015416557,,,
,VM1410:8 https://www.icbanq.com/P016808536,,,
,https://www.icbanq.com/P016959680,,,
,https://www.icbanq.com/P016972948,,,
,https://www.icbanq.com/P016975207,,,
,https://www.icbanq.com/P016414299,,,
,https://www.icbanq.com/P016277998,,,
,https://www.icbanq.com/P013130256,,,
,https://www.icbanq.com/P016577220,,,
,https://www.icbanq.com/P016786968,,,
,https://www.icbanq.com/P016831480,,,
,https://www.icbanq.com/P016352086,,,
,https://www.icbanq.com/P016634648,,,
,https://www.icbanq.com/P012114002,,,
,https://www.icbanq.com/P013130257,,,
,https://www.icbanq.com/P016136438,,,
,https://www.icbanq.com/P015416557,,,
,VM1411:8 https://www.icbanq.com/P016808536,,,
,https://www.icbanq.com/P016959680,,,
,https://www.icbanq.com/P016972948,,,
,https://www.icbanq.com/P016975207,,,
,https://www.icbanq.com/P016414299,,,
,https://www.icbanq.com/P016277998,,,
,https://www.icbanq.com/P013130256,,,
,https://www.icbanq.com/P016577220,,,
,https://www.icbanq.com/P016786968,,,
,https://www.icbanq.com/P016831480,,,
,https://www.icbanq.com/P016352086,,,
,https://www.icbanq.com/P016634648,,,
,https://www.icbanq.com/P012114002,,,
,https://www.icbanq.com/P013130257,,,
,https://www.icbanq.com/P016136438,,,
,https://www.icbanq.com/P015416557,,,
,VM1412:8 https://www.icbanq.com/P016808536,,,
,https://www.icbanq.com/P016959680,,,
,https://www.icbanq.com/P016972948,,,
,https://www.icbanq.com/P016975207,,,
,https://www.icbanq.com/P016414299,,,
,https://www.icbanq.com/P016277998,,,
,https://www.icbanq.com/P013130256,,,
,https://www.icbanq.com/P016577220,,,
,https://www.icbanq.com/P016786968,,,
,https://www.icbanq.com/P016831480,,,
,https://www.icbanq.com/P016352086,,,
,https://www.icbanq.com/P016634648,,,
,https://www.icbanq.com/P012114002,,,
,https://www.icbanq.com/P013130257,,,
,https://www.icbanq.com/P016136438,,,
,https://www.icbanq.com/P015416557,,,
,VM1413:8 https://www.icbanq.com/P016808536,,,
,https://www.icbanq.com/P016959680,,,
,https://www.icbanq.com/P016972948,,,
,https://www.icbanq.com/P016975207,,,
,https://www.icbanq.com/P016414299,,,
,https://www.icbanq.com/P016277998,,,
,https://www.icbanq.com/P013130256,,,
,https://www.icbanq.com/P016577220,,,
,https://www.icbanq.com/P016786968,,,
,https://www.icbanq.com/P016831480,,,
,https://www.icbanq.com/P016352086,,,
,https://www.icbanq.com/P016634648,,,
,https://www.icbanq.com/P012114002,,,
,https://www.icbanq.com/P013130257,,,
,https://www.icbanq.com/P016136438,,,
,https://www.icbanq.com/P015416557,,,
,VM1414:8 https://www.icbanq.com/P016808536,,,
,https://www.icbanq.com/P016959680,,,
,https://www.icbanq.com/P016972948,,,
,https://www.icbanq.com/P016975207,,,
,https://www.icbanq.com/P016414299,,,
,https://www.icbanq.com/P016277998,,,
,https://www.icbanq.com/P013130256,,,
,https://www.icbanq.com/P016577220,,,
,https://www.icbanq.com/P016786968,,,
,https://www.icbanq.com/P016831480,,,
,https://www.icbanq.com/P016352086,,,
,https://www.icbanq.com/P016634648,,,
,https://www.icbanq.com/P012114002,,,
,https://www.icbanq.com/P013130257,,,
,https://www.icbanq.com/P016136438,,,
,https://www.icbanq.com/P015416557,,,
,VM1415:8 https://www.icbanq.com/P016808536,,,
,https://www.icbanq.com/P016959680,,,
,https://www.icbanq.com/P016972948,,,
,https://www.icbanq.com/P016975207,,,
,https://www.icbanq.com/P016414299,,,
,https://www.icbanq.com/P016277998,,,
,https://www.icbanq.com/P013130256,,,
,https://www.icbanq.com/P016577220,,,
,https://www.icbanq.com/P016786968,,,
,https://www.icbanq.com/P016831480,,,
,https://www.icbanq.com/P016352086,,,
,https://www.icbanq.com/P016634648,,,
,https://www.icbanq.com/P012114002,,,
,https://www.icbanq.com/P013130257,,,
,https://www.icbanq.com/P016136438,,,
,https://www.icbanq.com/P015416557,,,
,VM1416:8 https://www.icbanq.com/P016808536,,,
,https://www.icbanq.com/P016959680,,,
,https://www.icbanq.com/P016972948,,,
,https://www.icbanq.com/P016975207,,,
,https://www.icbanq.com/P016414299,,,
,https://www.icbanq.com/P016277998,,,
,https://www.icbanq.com/P013130256,,,
,https://www.icbanq.com/P016577220,,,
,https://www.icbanq.com/P016786968,,,
,https://www.icbanq.com/P016831480,,,
,https://www.icbanq.com/P016352086,,,
,https://www.icbanq.com/P016634648,,,
,https://www.icbanq.com/P012114002,,,
,https://www.icbanq.com/P013130257,,,
,https://www.icbanq.com/P016136438,,,
,https://www.icbanq.com/P015416557,,,
,VM1417:8 https://www.icbanq.com/P016808536,,,
,https://www.icbanq.com/P016959680,,,
,https://www.icbanq.com/P016972948,,,
,https://www.icbanq.com/P016975207,,,
,https://www.icbanq.com/P016414299,,,
,https://www.icbanq.com/P016277998,,,
,https://www.icbanq.com/P013130256,,,
,https://www.icbanq.com/P016577220,,,
,https://www.icbanq.com/P016786968,,,
,https://www.icbanq.com/P016831480,,,
,https://www.icbanq.com/P016352086,,,
,https://www.icbanq.com/P016634648,,,
,https://www.icbanq.com/P012114002,,,
,https://www.icbanq.com/P013130257,,,
,https://www.icbanq.com/P016136438,,,
,https://www.icbanq.com/P015416557,,,
,VM1418:8 https://www.icbanq.com/P016808536,,,
,https://www.icbanq.com/P016959680,,,
,https://www.icbanq.com/P016972948,,,
,https://www.icbanq.com/P016975207,,,
,https://www.icbanq.com/P016414299,,,
,https://www.icbanq.com/P016277998,,,
,https://www.icbanq.com/P013130256,,,
,https://www.icbanq.com/P016577220,,,
,https://www.icbanq.com/P016786968,,,
,https://www.icbanq.com/P016831480,,,
,https://www.icbanq.com/P016352086,,,
,https://www.icbanq.com/P016634648,,,
,https://www.icbanq.com/P012114002,,,
,https://www.icbanq.com/P013130257,,,
,https://www.icbanq.com/P016136438,,,
,https://www.icbanq.com/P015416557,,,
,VM1419:8 https://www.icbanq.com/P016808536,,,
,https://www.icbanq.com/P016959680,,,
,https://www.icbanq.com/P016972948,,,
,https://www.icbanq.com/P016975207,,,
,https://www.icbanq.com/P016414299,,,
,https://www.icbanq.com/P016277998,,,
,https://www.icbanq.com/P013130256,,,
,https://www.icbanq.com/P016577220,,,
,https://www.icbanq.com/P016786968,,,
,https://www.icbanq.com/P016831480,,,
,https://www.icbanq.com/P016352086,,,
,https://www.icbanq.com/P016634648,,,
,https://www.icbanq.com/P012114002,,,
,https://www.icbanq.com/P013130257,,,
,https://www.icbanq.com/P016136438,,,
,https://www.icbanq.com/P015416557,,,
,VM1420:8 https://www.icbanq.com/P016808536,,,
,https://www.icbanq.com/P016959680,,,
,https://www.icbanq.com/P016972948,,,
,https://www.icbanq.com/P016975207,,,
,https://www.icbanq.com/P016414299,,,
,https://www.icbanq.com/P016277998,,,
,https://www.icbanq.com/P013130256,,,
,https://www.icbanq.com/P016577220,,,
,https://www.icbanq.com/P016786968,,,
,https://www.icbanq.com/P016831480,,,
,https://www.icbanq.com/P016352086,,,
,https://www.icbanq.com/P016634648,,,
,https://www.icbanq.com/P012114002,,,
,https://www.icbanq.com/P013130257,,,
,https://www.icbanq.com/P016136438,,,
,https://www.icbanq.com/P015416557,,,
,VM1421:8 https://www.icbanq.com/P016808536,,,
,https://www.icbanq.com/P016959680,,,
,https://www.icbanq.com/P016972948,,,
,https://www.icbanq.com/P016975207,,,
,https://www.icbanq.com/P016414299,,,
,https://www.icbanq.com/P016277998,,,
,https://www.icbanq.com/P013130256,,,
,https://www.icbanq.com/P016577220,,,
,https://www.icbanq.com/P016786968,,,
,https://www.icbanq.com/P016831480,,,
,https://www.icbanq.com/P016352086,,,
,https://www.icbanq.com/P016634648,,,
,https://www.icbanq.com/P012114002,,,
,https://www.icbanq.com/P013130257,,,
,https://www.icbanq.com/P016136438,,,
,https://www.icbanq.com/P015416557,,,
,VM1422:8 https://www.icbanq.com/P016808536,,,
,https://www.icbanq.com/P016959680,,,
,https://www.icbanq.com/P016972948,,,
,https://www.icbanq.com/P016975207,,,
,https://www.icbanq.com/P016414299,,,
,https://www.icbanq.com/P016277998,,,
,https://www.icbanq.com/P013130256,,,
,https://www.icbanq.com/P016577220,,,
,https://www.icbanq.com/P016786968,,,
,https://www.icbanq.com/P016831480,,,
,https://www.icbanq.com/P016352086,,,
,https://www.icbanq.com/P016634648,,,
,https://www.icbanq.com/P012114002,,,
,https://www.icbanq.com/P013130257,,,
,https://www.icbanq.com/P016136438,,,
,https://www.icbanq.com/P015416557,,,
,VM1423:8 https://www.icbanq.com/P016808536,,,
,https://www.icbanq.com/P016959680,,,
,https://www.icbanq.com/P016972948,,,
,https://www.icbanq.com/P016975207,,,
,https://www.icbanq.com/P016414299,,,
,https://www.icbanq.com/P016277998,,,
,https://www.icbanq.com/P013130256,,,
,https://www.icbanq.com/P016577220,,,
,https://www.icbanq.com/P016786968,,,
,https://www.icbanq.com/P016831480,,,
